Date,TSLA,NIO,RIVN,LCID,F,GM,BYDDF,XPEV
2022-01-03 00:00:00-05:00,399.9266662597656,33.470001220703125,102.72000122070312,40.93000030517578,17.83130645751953,59.62995147705078,34.24869155883789,50.27000045776367
2022-01-04 00:00:00-05:00,383.1966552734375,31.579999923706055,101.38999938964844,39.40999984741211,19.911762237548828,64.08489227294922,33.95479965209961,47.599998474121094
2022-01-05 00:00:00-05:00,362.7066650390625,29.8799991607666,90.01000213623047,36.68000030517578,19.37936019897461,61.16042709350586,31.446882247924805,46.11000061035156
2022-01-06 00:00:00-05:00,354.8999938964844,29.309999465942383,87.33000183105469,38.220001220703125,20.034622192382812,61.287147521972656,31.162784576416016,46.65999984741211
2022-01-07 00:00:00-05:00,342.32000732421875,29.299999237060547,86.27999877929688,41.97999954223633,20.018238067626953,60.7022590637207,30.9080753326416,45.04999923706055
2022-01-10 00:00:00-05:00,352.7066650390625,28.90999984741211,81.44000244140625,41.720001220703125,19.53498649597168,59.532474517822266,30.026386260986328,42.630001068115234
2022-01-11 00:00:00-05:00,354.79998779296875,30.020000457763672,83.55000305175781,45.470001220703125,19.94452476501465,59.91264343261719,31.182376861572266,45.7599983215332
2022-01-12 00:00:00-05:00,368.739990234375,31.68000030517578,86.4800033569336,45.43000030517578,20.042814254760742,59.493473052978516,33.13188934326172,48.380001068115234
2022-01-13 00:00:00-05:00,343.85333251953125,30.479999542236328,80.30999755859375,41.40999984741211,20.49330711364746,60.21485137939453,32.49510955810547,47.52000045776367
2022-01-14 00:00:00-05:00,349.8699951171875,30.950000762939453,79.94999694824219,42.220001220703125,20.632549285888672,59.56171417236328,33.25924301147461,49.689998626708984
2022-01-18 00:00:00-05:00,343.5033264160156,29.610000610351562,73.16000366210938,39.209999084472656,19.969099044799805,57.30987548828125,33.171077728271484,47.31999969482422
2022-01-19 00:00:00-05:00,331.8833312988281,28.6299991607666,69.4000015258789,40.029998779296875,18.388277053833008,54.82407760620117,32.005287170410156,43.79999923706055
2022-01-20 00:00:00-05:00,332.0899963378906,29.1299991607666,65.0199966430664,38.720001220703125,17.733015060424805,53.274105072021484,32.81840133666992,44.61000061035156
2022-01-21 00:00:00-05:00,314.6333312988281,27.350000381469727,64.51000213623047,37.75,16.913938522338867,51.9385986328125,31.936710357666016,41.810001373291016
2022-01-24 00:00:00-05:00,310.0,24.8700008392334,63.900001525878906,37.75,16.700977325439453,51.31471252441406,30.300689697265625,39.9900016784668
2022-01-25 00:00:00-05:00,306.1333312988281,23.790000915527344,59.61000061035156,35.459999084472656,16.365156173706055,50.59333801269531,30.379060745239258,38.0099983215332
2022-01-26 00:00:00-05:00,312.4700012207031,22.65999984741211,60.27000045776367,33.40999984741211,16.307825088500977,51.03200912475586,30.594585418701172,37.29999923706055
2022-01-27 00:00:00-05:00,276.3666687011719,21.110000610351562,53.939998626708984,28.700000762939453,16.012954711914062,50.154666900634766,30.1733341217041,32.61000061035156
2022-01-28 00:00:00-05:00,282.1166687011719,20.899999618530273,57.119998931884766,27.149999618530273,16.087053298950195,48.975135803222656,27.73399543762207,32.150001525878906
2022-01-31 00:00:00-05:00,312.239990234375,24.510000228881836,65.73999786376953,29.389999389648438,16.712751388549805,51.40243911743164,29.105510711669922,35.09000015258789
2022-02-01 00:00:00-05:00,310.4166564941406,24.84000015258789,69.62000274658203,29.959999084472656,17.00913429260254,52.708709716796875,29.272050857543945,36.400001525878906
2022-02-02 00:00:00-05:00,301.88665771484375,23.760000228881836,64.31999969482422,27.68000030517578,16.984434127807617,52.15306091308594,29.40920639038086,35.79999923706055
2022-02-03 00:00:00-05:00,297.0466613769531,23.1299991607666,60.36000061035156,26.950000762939453,16.375202178955078,51.77288055419922,28.752836227416992,34.52000045776367
2022-02-04 00:00:00-05:00,307.7733459472656,23.959999084472656,60.869998931884766,27.549999237060547,14.786253929138184,49.99870300292969,30.13414764404297,37.25
2022-02-07 00:00:00-05:00,302.4466552734375,23.989999771118164,58.36000061035156,26.969999313354492,14.72862434387207,49.43329620361328,30.41824722290039,36.86000061035156
2022-02-08 00:00:00-05:00,307.3333435058594,24.690000534057617,60.95000076293945,27.43000030517578,14.588664054870605,48.21476745605469,30.27130126953125,37.16999816894531
2022-02-09 00:00:00-05:00,310.6666564941406,26.100000381469727,64.52999877929688,28.829999923706055,15.107337951660156,49.44304275512695,31.172582626342773,40.72999954223633
2022-02-10 00:00:00-05:00,301.51666259765625,25.350000381469727,64.72000122070312,27.90999984741211,14.885051727294922,49.07261657714844,29.879438400268555,38.91999816894531
2022-02-11 00:00:00-05:00,286.6666564941406,24.100000381469727,58.849998474121094,25.84000015258789,14.448705673217773,47.60063552856445,28.65487289428711,37.27000045776367
2022-02-14 00:00:00-05:00,291.9200134277344,23.790000915527344,62.650001525878906,27.440000534057617,14.374612808227539,47.181461334228516,29.330833435058594,37.0099983215332
2022-02-15 00:00:00-05:00,307.4766540527344,25.790000915527344,66.29000091552734,28.8700008392334,14.885051727294922,48.41948699951172,30.85909080505371,40.060001373291016
2022-02-16 00:00:00-05:00,307.7966613769531,25.610000610351562,66.25,29.0,14.827421188354492,49.16035079956055,30.976652145385742,39.150001525878906
2022-02-17 00:00:00-05:00,292.1166687011719,24.719999313354492,64.73999786376953,28.110000610351562,14.440475463867188,47.590885162353516,31.544851303100586,39.36000061035156
2022-02-18 00:00:00-05:00,285.6600036621094,23.209999084472656,66.37000274658203,26.59000015258789,14.852118492126465,47.37641906738281,30.300689697265625,37.88999938964844
2022-02-22 00:00:00-05:00,273.84332275390625,21.770000457763672,62.38999938964844,25.510000228881836,14.23465347290039,45.592498779296875,29.46798324584961,34.77000045776367
2022-02-23 00:00:00-05:00,254.67999267578125,20.459999084472656,57.529998779296875,23.969999313354492,13.95473575592041,45.21231460571289,29.69330406188965,34.209999084472656
2022-02-24 00:00:00-05:00,266.92333984375,21.219999313354492,63.709999084472656,25.280000686645508,14.119393348693848,45.18307113647461,29.330833435058594,34.560001373291016
2022-02-25 00:00:00-05:00,269.9566650390625,20.940000534057617,63.43000030517578,26.350000381469727,14.679228782653809,46.23588180541992,29.977405548095703,35.029998779296875
2022-02-28 00:00:00-05:00,290.1433410644531,22.84000015258789,67.55999755859375,28.979999542236328,14.456939697265625,45.543758392333984,30.369266510009766,36.369998931884766
2022-03-01 00:00:00-05:00,288.1233215332031,21.8700008392334,61.90999984741211,24.989999771118164,13.748913764953613,43.39914321899414,29.389612197875977,33.84000015258789
2022-03-02 00:00:00-05:00,293.2966613769531,21.770000457763672,53.560001373291016,24.579999923706055,14.901516914367676,45.15382766723633,29.977405548095703,34.41999816894531
2022-03-03 00:00:00-05:00,279.7633361816406,19.8799991607666,50.90999984741211,22.6299991607666,14.489869117736816,43.76957702636719,28.507923126220703,31.260000228881836
2022-03-04 00:00:00-05:00,279.42999267578125,18.6299991607666,47.38999938964844,22.6299991607666,13.872406005859375,41.33251953125,26.244924545288086,29.530000686645508
2022-03-07 00:00:00-05:00,268.1933288574219,18.1200008392334,42.43000030517578,23.170000076293945,13.147913932800293,38.82722854614258,24.804832458496094,27.209999084472656
2022-03-08 00:00:00-05:00,274.79998779296875,17.979999542236328,42.209999084472656,24.239999771118164,13.197310447692871,39.18790817260742,23.609655380249023,25.979999542236328
2022-03-09 00:00:00-05:00,286.3233337402344,20.170000076293945,43.95000076293945,25.260000228881836,13.477228164672852,41.21553421020508,25.07913589477539,28.649999618530273
2022-03-10 00:00:00-05:00,279.4333190917969,17.770000457763672,41.15999984741211,24.209999084472656,13.444294929504395,40.79636001586914,24.06029510498047,26.06999969482422
2022-03-11 00:00:00-05:00,265.1166687011719,16.06999969482422,38.04999923706055,22.920000076293945,13.20554256439209,40.46492385864258,23.256980895996094,22.90999984741211
2022-03-14 00:00:00-04:00,255.4566650390625,14.100000381469727,35.83000183105469,21.549999237060547,12.958556175231934,39.80204772949219,21.258485794067383,19.75
2022-03-15 00:00:00-04:00,267.2966613769531,14.930000305175781,37.0,21.979999542236328,13.222006797790527,41.069313049316406,21.934446334838867,21.25
2022-03-16 00:00:00-04:00,280.07666015625,18.75,41.58000183105469,23.6200008392334,13.650116920471191,42.74600601196289,26.920883178710938,27.530000686645508
2022-03-17 00:00:00-04:00,290.5333251953125,18.81999969482422,42.130001068115234,24.649999618530273,13.650116920471191,42.560791015625,26.401668548583984,24.969999313354492
2022-03-18 00:00:00-04:00,301.7966613769531,20.860000610351562,45.599998474121094,25.670000076293945,13.880640029907227,43.69159698486328,27.85155487060547,28.770000457763672
2022-03-21 00:00:00-04:00,307.0533447265625,20.260000228881836,43.560001373291016,25.389999389648438,13.567788124084473,42.51205825805664,26.87190055847168,27.31999969482422
2022-03-22 00:00:00-04:00,331.32666015625,21.770000457763672,46.93000030517578,26.649999618530273,14.069994926452637,43.43813705444336,27.743793487548828,29.010000228881836
2022-03-23 00:00:00-04:00,333.03668212890625,21.8700008392334,45.869998931884766,25.899999618530273,13.732446670532227,42.677772521972656,28.09646987915039,29.079999923706055
2022-03-24 00:00:00-04:00,337.97332763671875,21.979999542236328,48.65999984741211,26.25,13.855941772460938,43.233421325683594,28.214027404785156,29.260000228881836
2022-03-25 00:00:00-04:00,336.8800048828125,19.90999984741211,46.15999984741211,25.15999984741211,13.559557914733887,42.551048278808594,26.744544982910156,27.049999237060547
2022-03-28 00:00:00-04:00,363.9466552734375,21.209999084472656,45.97999954223633,25.3799991607666,13.724214553833008,43.1067008972168,26.930681228637695,27.1299991607666
2022-03-29 00:00:00-04:00,366.5233459472656,21.8799991607666,53.880001068115234,27.360000610351562,14.61336612701416,45.095333099365234,26.90129280090332,28.200000762939453
2022-03-30 00:00:00-04:00,364.663330078125,22.170000076293945,52.0099983215332,26.5,14.21818733215332,44.08151626586914,27.969112396240234,28.440000534057617
2022-03-31 00:00:00-04:00,359.20001220703125,21.049999237060547,50.2400016784668,25.399999618530273,13.92180347442627,42.6387825012207,27.29315185546875,27.59000015258789
2022-04-01 00:00:00-04:00,361.5299987792969,21.93000030517578,46.439998626708984,24.549999237060547,13.707748413085938,41.87841796875,28.272808074951172,29.190000534057617
2022-04-04 00:00:00-04:00,381.8166809082031,23.850000381469727,46.529998779296875,25.209999084472656,13.715981483459473,42.09287643432617,30.761127471923828,31.399999618530273
2022-04-05 00:00:00-04:00,363.7533264160156,22.469999313354492,42.189998626708984,23.729999542236328,13.024419784545898,40.37718963623047,29.879438400268555,29.40999984741211
2022-04-06 00:00:00-04:00,348.586669921875,21.68000030517578,40.099998474121094,22.989999771118164,12.670406341552734,38.505523681640625,29.40920639038086,28.950000762939453
2022-04-07 00:00:00-04:00,352.4200134277344,20.360000610351562,39.97999954223633,22.31999969482422,12.316391944885254,37.74516296386719,29.4385929107666,28.149999618530273
2022-04-08 00:00:00-04:00,341.8299865722656,20.0,38.79999923706055,21.670000076293945,12.390488624572754,38.35930633544922,29.477781295776367,27.190000534057617
2022-04-11 00:00:00-04:00,325.30999755859375,19.700000762939453,39.5,21.700000762939453,12.579843521118164,39.314632415771484,27.910335540771484,26.600000381469727
2022-04-12 00:00:00-04:00,328.98333740234375,19.459999084472656,38.150001525878906,21.290000915527344,12.645706176757812,39.03192901611328,27.626235961914062,25.780000686645508
2022-04-13 00:00:00-04:00,340.7900085449219,20.420000076293945,41.150001525878906,22.049999237060547,12.769201278686523,39.20740509033203,29.04673194885254,27.65999984741211
2022-04-14 00:00:00-04:00,328.3333435058594,19.649999618530273,40.59000015258789,21.010000228881836,12.744499206542969,39.11967468261719,29.389612197875977,26.93000030517578
2022-04-18 00:00:00-04:00,334.7633361816406,19.170000076293945,38.22999954223633,20.31999969482422,12.900925636291504,39.60708236694336,29.11530876159668,26.459999084472656
2022-04-19 00:00:00-04:00,342.7166748046875,19.8700008392334,39.150001525878906,21.40999984741211,13.296104431152344,41.02057647705078,30.124351501464844,27.360000610351562
2022-04-20 00:00:00-04:00,325.73333740234375,18.149999618530273,36.22999954223633,20.8700008392334,13.213775634765625,40.66963577270508,29.09571647644043,24.8700008392334
2022-04-21 00:00:00-04:00,336.260009765625,17.149999618530273,33.7599983215332,19.549999237060547,12.92562484741211,39.68505859375,27.929927825927734,23.84000015258789
2022-04-22 00:00:00-04:00,335.01666259765625,17.18000030517578,33.61000061035156,19.110000610351562,12.456352233886719,38.836971282958984,28.67446517944336,23.8700008392334
2022-04-25 00:00:00-04:00,332.67333984375,17.309999465942383,33.900001525878906,19.329999923706055,12.588953018188477,38.817474365234375,28.018098831176758,24.209999084472656
2022-04-26 00:00:00-04:00,292.1400146484375,16.360000610351562,30.68000030517578,17.639999389648438,12.191145896911621,37.08229064941406,26.94047737121582,22.709999084472656
2022-04-27 00:00:00-04:00,293.836669921875,16.760000228881836,31.219999313354492,18.06999969482422,12.307173728942871,37.68667221069336,27.900537490844727,23.719999313354492
2022-04-28 00:00:00-04:00,292.5033264160156,16.93000030517578,32.18000030517578,18.889999389648438,12.116556167602539,37.774410247802734,28.341381072998047,24.079999923706055
2022-04-29 00:00:00-04:00,290.2533264160156,16.700000762939453,30.239999771118164,18.079999923706055,11.735323905944824,36.955562591552734,28.42955207824707,24.610000610351562
2022-05-02 00:00:00-04:00,300.9800109863281,17.5,31.739999771118164,19.059999465942383,11.826489448547363,37.481964111328125,28.409955978393555,25.389999389648438
2022-05-03 00:00:00-04:00,303.0833435058594,17.530000686645508,31.989999771118164,19.600000381469727,12.0668306350708,38.93445587158203,29.507171630859375,25.6200008392334
2022-05-04 00:00:00-04:00,317.5400085449219,18.1299991607666,33.91999816894531,20.260000228881836,12.414912223815918,40.13348388671875,30.27130126953125,26.719999313354492
2022-05-05 00:00:00-04:00,291.09332275390625,15.380000114440918,30.709999084472656,18.850000381469727,12.041966438293457,38.94419860839844,28.409955978393555,23.110000610351562
2022-05-06 00:00:00-04:00,288.54998779296875,14.920000076293945,28.790000915527344,18.149999618530273,11.776762008666992,38.583518981933594,28.214027404785156,22.280000686645508
2022-05-09 00:00:00-04:00,262.3699951171875,13.550000190734863,22.780000686645508,16.350000381469727,11.080598831176758,37.29674530029297,25.85306167602539,20.040000915527344
2022-05-10 00:00:00-04:00,266.67999267578125,13.4399995803833,22.790000915527344,15.949999809265137,11.064024925231934,37.72567367553711,26.548616409301758,20.270000457763672
2022-05-11 00:00:00-04:00,244.6666717529297,12.710000038146973,20.600000381469727,13.859999656677246,10.633065223693848,36.331668853759766,27.626235961914062,19.81999969482422
2022-05-12 00:00:00-04:00,242.6666717529297,13.100000381469727,24.299999237060547,15.6899995803833,10.309846878051758,34.664730072021484,27.92013168334961,20.5
2022-05-13 00:00:00-04:00,256.5299987792969,14.3100004196167,26.700000762939453,18.010000228881836,11.188338279724121,37.24800491333008,29.69330406188965,22.81999969482422
2022-05-16 00:00:00-04:00,241.4566650390625,14.550000190734863,24.860000610351562,17.360000610351562,10.815394401550293,36.16594696044922,29.78147315979004,22.639999389648438
2022-05-17 00:00:00-04:00,253.8699951171875,16.6299991607666,27.489999771118164,17.850000381469727,11.213201522827148,37.140777587890625,31.74078369140625,23.950000762939453
2022-05-18 00:00:00-04:00,236.60333251953125,15.829999923706055,27.290000915527344,17.360000610351562,10.591625213623047,34.92792510986328,31.613426208496094,23.040000915527344
2022-05-19 00:00:00-04:00,236.47332763671875,16.65999984741211,29.610000610351562,19.270000457763672,10.649641990661621,35.21061325073242,32.93595886230469,23.610000610351562
2022-05-20 00:00:00-04:00,221.3000030517578,16.440000534057617,28.920000076293945,18.389999389648438,10.359574317932129,34.508750915527344,32.65186309814453,23.270000457763672
2022-05-23 00:00:00-04:00,224.96665954589844,16.0,27.989999771118164,18.399999618530273,10.633065223693848,35.093650817871094,33.49435806274414,21.979999542236328
2022-05-24 00:00:00-04:00,209.3866729736328,14.630000114440918,26.530000686645508,17.100000381469727,10.293272972106934,34.32353591918945,31.20197296142578,20.31999969482422
2022-05-25 00:00:00-04:00,219.60000610351562,14.640000343322754,27.25,17.450000762939453,10.533614158630371,35.074153900146484,32.23060989379883,20.520000457763672
2022-05-26 00:00:00-04:00,235.91000366210938,16.030000686645508,29.229999542236328,18.889999389648438,10.873407363891602,36.4778938293457,33.95479965209961,22.079999923706055
2022-05-27 00:00:00-04:00,253.2100067138672,16.56999969482422,30.959999084472656,19.829999923706055,11.2960786819458,37.59894561767578,34.12134552001953,22.5
2022-05-31 00:00:00-04:00,252.75332641601562,17.389999389648438,31.399999618530273,20.18000030517578,11.337516784667969,37.706172943115234,35.07160186767578,23.5
2022-06-01 00:00:00-04:00,246.7899932861328,17.56999969482422,30.25,19.5,11.229777336120605,37.306495666503906,35.022621154785156,22.920000076293945
2022-06-02 00:00:00-04:00,258.3333435058594,18.850000381469727,31.940000534057617,19.959999084472656,11.511557579040527,37.89139175415039,36.609657287597656,25.149999618530273
2022-06-03 00:00:00-04:00,234.51666259765625,18.079999923706055,30.190000534057617,18.670000076293945,11.188338279724121,36.66311264038086,35.855323791503906,23.969999313354492
2022-06-06 00:00:00-04:00,238.27999877929688,19.18000030517578,28.979999542236328,19.149999618530273,11.155186653137207,36.87757110595703,37.55012893676758,25.209999084472656
2022-06-07 00:00:00-04:00,238.8866729736328,19.649999618530273,29.719999313354492,18.959999084472656,11.38724136352539,37.40397644042969,37.35419464111328,26.1200008392334
2022-06-08 00:00:00-04:00,241.86666870117188,20.3799991607666,29.799999237060547,19.59000015258789,11.213201522827148,36.74109649658203,38.010562896728516,27.530000686645508
2022-06-09 00:00:00-04:00,239.7066650390625,18.81999969482422,28.8700008392334,18.8799991607666,11.006009101867676,35.72727966308594,36.629249572753906,26.010000228881836
2022-06-10 00:00:00-04:00,232.22999572753906,18.139999389648438,28.360000610351562,18.020000457763672,10.566765785217285,34.128570556640625,38.26527786254883,25.809999465942383
2022-06-13 00:00:00-04:00,215.73666381835938,15.989999771118164,26.809999465942383,16.309999465942383,9.787725448608398,31.467302322387695,36.9970817565918,23.950000762939453
2022-06-14 00:00:00-04:00,220.88999938964844,18.65999984741211,27.299999237060547,16.600000381469727,10.110942840576172,32.364131927490234,38.819984436035156,25.75
2022-06-15 00:00:00-04:00,233.0,20.110000610351562,29.079999923706055,17.520000457763672,10.168957710266113,33.31946563720703,37.09508514404297,27.0
2022-06-16 00:00:00-04:00,213.10000610351562,19.18000030517578,26.420000076293945,15.550000190734863,9.323614120483398,30.628955841064453,35.281986236572266,25.65999984741211
2022-06-17 00:00:00-04:00,216.75999450683594,20.770000457763672,26.239999771118164,16.6299991607666,9.307040214538574,31.07737159729004,36.70306396484375,28.170000076293945
2022-06-21 00:00:00-04:00,237.0366668701172,22.65999984741211,29.06999969482422,17.899999618530273,9.49765682220459,31.8182430267334,37.87913513183594,30.09000015258789
2022-06-22 00:00:00-04:00,236.086669921875,22.549999237060547,28.559999465942383,18.030000686645508,9.514229774475098,32.003456115722656,37.53611373901367,30.579999923706055
2022-06-23 00:00:00-04:00,235.07000732421875,23.049999237060547,29.469999313354492,19.299999237060547,9.580533981323242,32.159423828125,38.71217727661133,32.970001220703125
2022-06-24 00:00:00-04:00,245.7066650390625,24.079999923706055,29.5,19.209999084472656,9.953478813171387,33.943355560302734,38.71217727661133,35.290000915527344
2022-06-27 00:00:00-04:00,244.9199981689453,22.950000762939453,28.440000534057617,18.389999389648438,9.978340148925781,33.75813674926758,39.44721984863281,34.400001525878906
2022-06-28 00:00:00-04:00,232.663330078125,22.360000610351562,26.989999771118164,17.940000534057617,9.787725448608398,33.134246826171875,40.60368347167969,32.65999984741211
2022-06-29 00:00:00-04:00,228.49000549316406,21.860000610351562,26.270000457763672,17.299999237060547,9.547383308410645,32.607845306396484,39.72163391113281,32.099998474121094
2022-06-30 00:00:00-04:00,224.47332763671875,21.719999313354492,25.739999771118164,17.15999984741211,9.224162101745605,30.96039390563965,39.476619720458984,31.739999771118164
2022-07-01 00:00:00-04:00,227.26333618164062,21.360000610351562,25.700000762939453,17.0,9.381629943847656,31.379566192626953,39.17280578613281,30.280000686645508
2022-07-05 00:00:00-04:00,233.06666564941406,22.18000030517578,26.860000610351562,17.229999542236328,9.282177925109863,31.555034637451172,39.300209045410156,32.130001068115234
2022-07-06 00:00:00-04:00,231.73333740234375,20.829999923706055,29.65999984741211,18.219999313354492,9.16615104675293,30.482730865478516,39.74123764038086,30.739999771118164
2022-07-07 00:00:00-04:00,244.5433349609375,22.5,31.6299991607666,19.809999465942383,9.655121803283691,31.837743759155273,41.55434036254883,32.439998626708984
2022-07-08 00:00:00-04:00,250.76333618164062,22.600000381469727,31.989999771118164,19.989999771118164,9.630258560180664,31.496549606323242,40.46647644042969,32.130001068115234
2022-07-11 00:00:00-04:00,234.3433380126953,20.56999969482422,29.93000030517578,18.530000686645508,9.356765747070312,30.092802047729492,38.124149322509766,29.25
2022-07-12 00:00:00-04:00,233.07000732421875,20.8700008392334,30.149999618530273,19.329999923706055,9.580533981323242,30.73618507385254,33.8119010925293,29.229999542236328
2022-07-13 00:00:00-04:00,237.0399932861328,21.09000015258789,30.760000228881836,19.510000228881836,9.539093971252441,30.921401977539062,34.105918884277344,29.770000457763672
2022-07-14 00:00:00-04:00,238.31333923339844,21.049999237060547,30.829999923706055,20.110000610351562,9.439642906188965,30.794677734375,36.95787811279297,29.959999084472656
2022-07-15 00:00:00-04:00,240.06666564941406,20.719999313354492,31.600000381469727,19.68000030517578,9.84573745727539,32.04244613647461,36.987281799316406,29.540000915527344
2022-07-18 00:00:00-04:00,240.54666137695312,20.84000015258789,31.799999237060547,19.959999084472656,9.912039756774902,31.798742294311523,36.44824981689453,28.200000762939453
2022-07-19 00:00:00-04:00,245.52999877929688,20.200000762939453,31.709999084472656,20.3799991607666,10.434161186218262,33.53392791748047,36.6540641784668,27.139999389648438
2022-07-20 00:00:00-04:00,247.5,20.3700008392334,32.7400016784668,21.270000457763672,10.550189018249512,33.884864807128906,35.70341110229492,26.739999771118164
2022-07-21 00:00:00-04:00,271.7066650390625,20.68000030517578,34.130001068115234,21.479999542236328,10.773955345153809,34.245548248291016,36.11503219604492,26.889999389648438
2022-07-22 00:00:00-04:00,272.24334716796875,19.239999771118164,32.47999954223633,19.68000030517578,10.624778747558594,33.7971305847168,35.05657196044922,24.920000076293945
2022-07-25 00:00:00-04:00,268.4333190917969,19.329999923706055,32.16999816894531,18.739999771118164,10.641353607177734,33.65091323852539,35.67401123046875,24.5
2022-07-26 00:00:00-04:00,258.8599853515625,19.040000915527344,31.690000534057617,18.09000015258789,10.392723083496094,32.500614166259766,35.477996826171875,24.389999389648438
2022-07-27 00:00:00-04:00,274.82000732421875,19.3799991607666,32.0099983215332,18.43000030517578,10.931421279907227,33.80687713623047,36.16403579711914,24.8700008392334
2022-07-28 00:00:00-04:00,280.8999938964844,19.489999771118164,33.845001220703125,18.239999771118164,11.60272216796875,34.84019470214844,36.42864990234375,24.270000457763672
2022-07-29 00:00:00-04:00,297.1499938964844,19.729999542236328,34.29999923706055,18.25,12.174570083618164,35.34709930419922,35.615203857421875,24.43000030517578
2022-08-01 00:00:00-04:00,297.27667236328125,20.18000030517578,34.810001373291016,18.530000686645508,12.71326732635498,35.844261169433594,36.55605697631836,24.469999313354492
2022-08-02 00:00:00-04:00,300.586669921875,20.18000030517578,35.0099983215332,19.729999542236328,12.564090728759766,35.220375061035156,36.017024993896484,24.149999618530273
2022-08-03 00:00:00-04:00,307.39666748046875,20.299999237060547,36.59000015258789,20.559999465942383,13.003334045410156,36.370662689208984,36.37964630126953,22.989999771118164
2022-08-04 00:00:00-04:00,308.6333312988281,20.899999618530273,36.18000030517578,18.559999465942383,12.738129615783691,35.317848205566406,37.3400993347168,24.09000015258789
2022-08-05 00:00:00-04:00,288.1700134277344,20.219999313354492,35.66999816894531,18.049999237060547,12.680116653442383,35.152137756347656,36.017024993896484,23.329999923706055
2022-08-08 00:00:00-04:00,290.42333984375,20.170000076293945,38.09000015258789,18.719999313354492,13.077924728393555,36.614376068115234,36.54625701904297,23.059999465942383
2022-08-09 00:00:00-04:00,283.3333435058594,19.170000076293945,36.70000076293945,17.459999084472656,12.588953018188477,35.698036193847656,35.63480758666992,22.690000534057617
2022-08-10 00:00:00-04:00,294.3566589355469,20.049999237060547,37.400001525878906,18.219999313354492,12.973986625671387,36.99455261230469,35.45839309692383,22.899999618530273
2022-08-11 00:00:00-04:00,286.6300048828125,20.81999969482422,38.95000076293945,18.09000015258789,13.250208854675293,37.4917106628418,35.958221435546875,24.610000610351562
2022-08-12 00:00:00-04:00,300.0299987792969,21.110000610351562,38.900001525878906,18.65999984741211,13.543168067932129,38.48603057861328,35.958221435546875,24.40999984741211
2022-08-15 00:00:00-04:00,309.32000732421875,21.299999237060547,37.279998779296875,18.760000228881836,13.66035270690918,38.40804672241211,35.64460372924805,23.5
2022-08-16 00:00:00-04:00,306.5633239746094,20.90999984741211,38.22999954223633,18.93000030517578,13.752426147460938,38.00837326049805,35.5172004699707,22.90999984741211
2022-08-17 00:00:00-04:00,303.9966735839844,20.079999923706055,36.41999816894531,18.459999084472656,13.417614936828613,37.43321990966797,35.870018005371094,22.3700008392334
2022-08-18 00:00:00-04:00,302.8699951171875,19.90999984741211,35.900001525878906,18.229999542236328,13.518058776855469,37.74516296386719,35.45839309692383,22.059999465942383
2022-08-19 00:00:00-04:00,296.6666564941406,19.049999237060547,34.45000076293945,16.75,13.292058944702148,38.70048904418945,34.1549186706543,21.239999771118164
2022-08-22 00:00:00-04:00,289.913330078125,18.950000762939453,33.060001373291016,16.100000381469727,12.62243366241455,37.579444885253906,34.41953659057617,21.0
2022-08-23 00:00:00-04:00,296.4533386230469,18.290000915527344,32.209999084472656,15.979999542236328,12.823321342468262,37.58919143676758,33.909908294677734,18.729999542236328
2022-08-24 00:00:00-04:00,297.0966796875,18.8700008392334,32.560001373291016,16.440000534057617,12.990729331970215,38.26181411743164,32.92985153198242,19.079999923706055
2022-08-25 00:00:00-04:00,296.07000732421875,20.079999923706055,32.900001525878906,16.979999542236328,13.333911895751953,39.37311935424805,33.22386932373047,19.440000534057617
2022-08-26 00:00:00-04:00,288.0899963378906,19.920000076293945,32.11000061035156,16.239999771118164,12.898655891418457,38.242332458496094,33.07686233520508,18.920000076293945
2022-08-29 00:00:00-04:00,284.82000732421875,19.809999465942383,32.310001373291016,16.170000076293945,13.032580375671387,38.51527404785156,34.184322357177734,18.510000228881836
2022-08-30 00:00:00-04:00,277.70001220703125,19.829999923706055,31.889999389648438,15.149999618530273,12.932136535644531,38.231937408447266,31.508773803710938,18.260000228881836
2022-08-31 00:00:00-04:00,275.6099853515625,19.90999984741211,32.709999084472656,15.34000015258789,12.756359100341797,37.333045959472656,30.136695861816406,18.520000457763672
2022-09-01 00:00:00-04:00,277.1600036621094,18.790000915527344,31.950000762939453,15.380000114440918,12.714507102966309,37.675010681152344,28.852825164794922,17.329999923706055
2022-09-02 00:00:00-04:00,270.2099914550781,17.729999542236328,32.06999969482422,15.15999984741211,12.689396858215332,37.58708190917969,26.804508209228516,16.739999771118164
2022-09-06 00:00:00-04:00,274.4200134277344,17.110000610351562,33.220001220703125,14.609999656677246,12.580582618713379,37.821571350097656,27.02012062072754,15.899999618530273
2022-09-07 00:00:00-04:00,283.70001220703125,17.479999542236328,33.25,14.699999809265137,12.915395736694336,39.1894416809082,28.215789794921875,16.0
2022-09-08 00:00:00-04:00,289.260009765625,17.68000030517578,36.880001068115234,14.989999771118164,12.948877334594727,39.57048797607422,27.127927780151367,15.600000381469727
2022-09-09 00:00:00-04:00,299.67999267578125,19.15999984741211,37.54999923706055,15.079999923706055,12.907024383544922,40.34236526489258,27.73556137084961,16.030000686645508
2022-09-12 00:00:00-04:00,304.4200134277344,21.75,38.7400016784668,16.549999237060547,13.007469177246094,41.08491897583008,28.26479148864746,16.360000610351562
2022-09-13 00:00:00-04:00,292.1300048828125,21.969999313354492,38.7599983215332,16.100000381469727,12.337843894958496,39.599796295166016,27.93157196044922,16.139999389648438
2022-09-14 00:00:00-04:00,302.6099853515625,21.940000534057617,40.099998474121094,16.6299991607666,12.270880699157715,39.6877326965332,27.53955078125,16.020000457763672
2022-09-15 00:00:00-04:00,303.75,21.510000228881836,39.689998626708984,16.489999771118164,12.463398933410645,39.7268180847168,26.726104736328125,15.510000228881836
2022-09-16 00:00:00-04:00,303.3500061035156,20.149999618530273,39.2599983215332,16.18000030517578,12.3211030960083,39.052650451660156,26.5790958404541,14.5600004196167
2022-09-19 00:00:00-04:00,309.07000732421875,20.899999618530273,37.939998626708984,15.9399995803833,12.496880531311035,40.440059661865234,27.49054527282715,15.640000343322754
2022-09-20 00:00:00-04:00,308.7300109863281,20.40999984741211,35.75,15.34000015258789,10.956741333007812,38.16354751586914,27.42194366455078,15.930000305175781
2022-09-21 00:00:00-04:00,300.79998779296875,18.299999237060547,35.099998474121094,15.5600004196167,10.923261642456055,36.81521224975586,26.520292282104492,14.09000015258789
2022-09-22 00:00:00-04:00,288.5899963378906,18.350000381469727,33.33000183105469,14.3100004196167,10.688892364501953,36.5220947265625,26.804508209228516,13.739999771118164
2022-09-23 00:00:00-04:00,275.3299865722656,17.639999389648438,33.560001373291016,14.029999732971191,10.303858757019043,34.66569900512695,25.873455047607422,13.710000038146973
2022-09-26 00:00:00-04:00,276.010009765625,17.6200008392334,33.849998474121094,14.0600004196167,10.036006927490234,34.23579406738281,26.530094146728516,14.369999885559082
2022-09-27 00:00:00-04:00,282.94000244140625,17.190000534057617,33.790000915527344,14.40999984741211,9.969042778015137,33.91337966918945,26.147871017456055,13.710000038146973
2022-09-28 00:00:00-04:00,287.80999755859375,17.329999923706055,35.08000183105469,15.220000267028809,10.195043563842773,34.440982818603516,26.461490631103516,13.329999923706055
2022-09-29 00:00:00-04:00,268.2099914550781,15.579999923706055,32.310001373291016,14.1899995803833,9.600750923156738,32.496646881103516,24.716989517211914,12.109999656677246
2022-09-30 00:00:00-04:00,265.25,15.770000457763672,32.90999984741211,13.970000267028809,9.374752044677734,31.35350799560547,24.22696304321289,11.949999809265137
2022-10-03 00:00:00-04:00,242.39999389648438,15.489999771118164,31.889999389648438,14.09000015258789,9.600750923156738,32.115604400634766,24.67778968811035,11.729999542236328
2022-10-04 00:00:00-04:00,249.44000244140625,16.729999542236328,36.29999923706055,15.399999618530273,10.345707893371582,34.978355407714844,26.657501220703125,11.979999542236328
2022-10-05 00:00:00-04:00,240.80999755859375,16.040000915527344,36.130001068115234,14.989999771118164,10.47126293182373,34.04039764404297,26.020462036132812,10.989999771118164
2022-10-06 00:00:00-04:00,238.1300048828125,14.770000457763672,36.7599983215332,14.40999984741211,10.345707893371582,33.835208892822266,25.2462215423584,10.5600004196167
2022-10-07 00:00:00-04:00,223.07000732421875,13.760000228881836,33.95000076293945,13.170000076293945,10.211783409118652,32.848388671875,24.432775497436523,9.890000343322754
2022-10-10 00:00:00-04:00,222.9600067138672,13.279999732971191,31.479999542236328,12.479999542236328,9.50867748260498,31.548921585083008,23.609529495239258,9.539999961853027
2022-10-11 00:00:00-04:00,216.5,12.829999923706055,32.33000183105469,12.649999618530273,9.676084518432617,31.35350799560547,23.44291877746582,9.40999984741211
2022-10-12 00:00:00-04:00,217.24000549316406,12.880000114440918,32.349998474121094,13.09000015258789,9.659343719482422,31.46098518371582,24.050554275512695,9.550000190734863
2022-10-13 00:00:00-04:00,221.72000122070312,12.779999732971191,32.5,13.010000228881836,9.851860046386719,32.00812530517578,24.011350631713867,9.130000114440918
2022-10-14 00:00:00-04:00,204.99000549316406,11.75,28.709999084472656,11.890000343322754,9.768157005310059,32.13514709472656,23.972148895263672,8.380000114440918
2022-10-17 00:00:00-04:00,219.35000610351562,12.210000038146973,30.700000762939453,12.40999984741211,9.902080535888672,32.79954147338867,25.2462215423584,8.619999885559082
2022-10-18 00:00:00-04:00,220.19000244140625,12.210000038146973,31.639999389648438,13.010000228881836,10.069487571716309,33.463932037353516,25.334426879882812,8.600000381469727
2022-10-19 00:00:00-04:00,222.0399932861328,10.920000076293945,31.5,12.640000343322754,10.153191566467285,32.85816192626953,24.324970245361328,7.670000076293945
2022-10-20 00:00:00-04:00,207.27999877929688,10.970000267028809,30.729999542236328,12.600000381469727,9.851860046386719,32.672523498535156,24.383771896362305,7.940000057220459
2022-10-21 00:00:00-04:00,214.44000244140625,11.210000038146973,31.920000076293945,13.3100004196167,10.203411102294922,34.19671630859375,25.020809173583984,8.130000114440918
2022-10-24 00:00:00-04:00,211.25,9.449999809265137,31.34000015258789,12.800000190734863,10.44615364074707,34.90019989013672,22.91368865966797,7.159999847412109
2022-10-25 00:00:00-04:00,222.4199981689453,10.630000114440918,34.4900016784668,13.920000076293945,10.739112854003906,36.16059112548828,23.246906280517578,7.940000057220459
2022-10-26 00:00:00-04:00,224.63999938964844,10.8100004196167,34.439998626708984,13.90999984741211,10.730743408203125,36.99108123779297,23.61932945251465,8.1899995803833
2022-10-27 00:00:00-04:00,225.08999633789062,9.979999542236328,34.5,13.789999961853027,10.88140869140625,37.284202575683594,22.874486923217773,7.360000133514404
2022-10-28 00:00:00-04:00,228.52000427246094,9.6899995803833,34.47999954223633,14.229999542236328,11.099037170410156,37.9583625793457,21.47300910949707,6.889999866485596
2022-10-31 00:00:00-04:00,227.5399932861328,9.670000076293945,34.970001220703125,14.289999961853027,11.19111156463623,38.34917068481445,22.24725341796875,6.619999885559082
2022-11-01 00:00:00-04:00,227.82000732421875,9.710000038146973,33.47999954223633,13.619999885559082,11.21622085571289,38.44688415527344,22.835283279418945,6.409999847412109
2022-11-02 00:00:00-04:00,214.97999572753906,9.489999771118164,31.520000457763672,13.34000015258789,10.931632041931152,37.635929107666016,23.44291877746582,6.599999904632568
2022-11-03 00:00:00-04:00,215.30999755859375,9.9399995803833,32.2400016784668,13.640000343322754,11.099037170410156,37.626163482666016,24.011350631713867,6.860000133514404
2022-11-04 00:00:00-04:00,207.47000122070312,11.680000305175781,31.989999771118164,13.890000343322754,11.308296203613281,38.104915618896484,23.864343643188477,7.880000114440918
2022-11-07 00:00:00-05:00,197.0800018310547,10.979999542236328,31.31999969482422,13.850000381469727,11.467329978942871,38.4859619140625,24.6287841796875,7.909999847412109
2022-11-08 00:00:00-05:00,191.3000030517578,10.5600004196167,31.850000381469727,13.5,11.484071731567383,38.153770446777344,24.6287841796875,7.820000171661377
2022-11-09 00:00:00-05:00,177.58999633789062,9.25,28.06999969482422,11.210000038146973,11.140889167785645,37.18649673461914,22.59027099609375,6.670000076293945
2022-11-10 00:00:00-05:00,190.72000122070312,10.34000015258789,32.959999084472656,12.109999656677246,11.86910629272461,38.82793045043945,23.75653648376465,7.039999961853027
2022-11-11 00:00:00-05:00,195.97000122070312,11.5600004196167,34.900001525878906,12.90999984741211,12.136956214904785,40.17626190185547,24.30536651611328,8.489999771118164
2022-11-14 00:00:00-05:00,190.9499969482422,11.170000076293945,34.380001068115234,12.210000038146973,11.891678810119629,39.01357650756836,24.02115249633789,8.640000343322754
2022-11-15 00:00:00-05:00,194.4199981689453,11.510000228881836,35.150001525878906,12.359999656677246,12.094666481018066,39.31645965576172,24.373971939086914,9.020000457763672
2022-11-16 00:00:00-05:00,186.9199981689453,10.529999732971191,33.31999969482422,11.369999885559082,11.756354331970215,37.58708190917969,23.61932945251465,8.029999732971191
2022-11-17 00:00:00-05:00,183.1699981689453,10.670000076293945,32.06999969482422,11.460000038146973,11.764811515808105,37.75318145751953,23.648731231689453,8.0
2022-11-18 00:00:00-05:00,180.19000244140625,10.470000267028809,30.34000015258789,11.260000228881836,11.832473754882812,38.85724639892578,23.148902893066406,7.760000228881836
2022-11-21 00:00:00-05:00,167.8699951171875,10.020000457763672,28.420000076293945,10.3100004196167,11.798643112182617,38.61298370361328,23.050899505615234,7.320000171661377
2022-11-22 00:00:00-05:00,169.91000366210938,10.010000228881836,28.940000534057617,10.130000114440918,11.900137901306152,39.052650451660156,22.149248123168945,7.03000020980835
2022-11-23 00:00:00-05:00,183.1999969482422,10.5600004196167,29.709999084472656,10.25,11.86630630493164,39.1894416809082,22.24725341796875,7.309999942779541
2022-11-25 00:00:00-05:00,182.86000061035156,10.170000076293945,29.530000686645508,10.020000457763672,11.908594131469727,39.531402587890625,21.463207244873047,7.070000171661377
2022-11-28 00:00:00-05:00,182.9199981689453,10.119999885559082,28.639999389648438,9.850000381469727,11.612571716308594,38.476192474365234,21.708221435546875,6.889999866485596
2022-11-29 00:00:00-05:00,180.8300018310547,10.5,28.850000381469727,9.760000228881836,11.629487991333008,38.837703704833984,22.854887008666992,7.340000152587891
2022-11-30 00:00:00-05:00,194.6999969482422,12.779999732971191,32.040000915527344,10.140000343322754,11.756354331970215,39.629112243652344,25.128612518310547,10.8100004196167
2022-12-01 00:00:00-05:00,194.6999969482422,12.09000015258789,31.479999542236328,9.829999923706055,11.908594131469727,39.58995056152344,24.569982528686523,9.970000267028809
2022-12-02 00:00:00-05:00,194.86000061035156,13.130000114440918,31.360000610351562,10.149999618530273,11.722522735595703,39.07096481323242,25.373628616333008,11.449999809265137
2022-12-05 00:00:00-05:00,182.4499969482422,12.800000190734863,29.530000686645508,9.430000305175781,11.316547393798828,37.98402404785156,24.099557876586914,11.34000015258789
2022-12-06 00:00:00-05:00,179.82000732421875,13.239999771118164,27.889999389648438,8.649999618530273,11.23197078704834,37.230018615722656,25.167816162109375,11.6899995803833
2022-12-07 00:00:00-05:00,174.0399932861328,12.579999923706055,27.940000534057617,8.609999656677246,11.079730033874512,37.171260833740234,25.677446365356445,11.0
2022-12-08 00:00:00-05:00,173.44000244140625,13.40999984741211,28.579999923706055,8.680000305175781,11.096646308898926,37.406280517578125,27.049522399902344,11.819999694824219
2022-12-09 00:00:00-05:00,179.0500030517578,12.630000114440918,27.290000915527344,8.680000305175781,11.147392272949219,37.484615325927734,26.50069236755371,10.9399995803833
2022-12-12 00:00:00-05:00,167.82000732421875,12.489999771118164,25.610000610351562,8.279999732971191,11.384209632873535,37.69025802612305,26.539894104003906,10.470000267028809
2022-12-13 00:00:00-05:00,160.9499969482422,12.3100004196167,24.959999084472656,7.989999771118164,11.47724723815918,37.964439392089844,26.216474533081055,10.3100004196167
2022-12-14 00:00:00-05:00,156.8000030517578,12.100000381469727,24.540000915527344,7.679999828338623,11.40112590789795,37.56295394897461,25.82445526123047,10.1899995803833
2022-12-15 00:00:00-05:00,157.6699981689453,11.880000114440918,23.969999313354492,7.449999809265137,11.020524978637695,36.83832931518555,25.91265869140625,10.130000114440918
2022-12-16 00:00:00-05:00,150.22999572753906,11.600000381469727,22.479999542236328,7.369999885559082,10.25086498260498,35.39887619018555,25.893056869506836,10.300000190734863
2022-12-19 00:00:00-05:00,149.8699951171875,11.0600004196167,22.030000686645508,7.230000019073486,9.887178421020508,34.684043884277344,25.158016204833984,9.65999984741211
2022-12-20 00:00:00-05:00,137.8000030517578,11.09000015258789,21.399999618530273,7.230000019073486,9.701107025146484,34.46861267089844,25.13841438293457,10.1899995803833
2022-12-21 00:00:00-05:00,137.57000732421875,11.609999656677246,21.030000686645508,7.179999828338623,9.963299751281738,35.15407180786133,25.4520320892334,11.300000190734863
2022-12-22 00:00:00-05:00,125.3499984741211,11.289999961853027,19.729999542236328,6.889999866485596,9.565780639648438,32.833309173583984,24.511180877685547,10.829999923706055
2022-12-23 00:00:00-05:00,123.1500015258789,10.970000267028809,19.139999389648438,6.699999809265137,9.608071327209473,33.127079010009766,23.981948852539062,10.0600004196167
2022-12-27 00:00:00-05:00,109.0999984741211,10.0600004196167,17.739999771118164,6.199999809265137,9.472745895385742,32.62767791748047,23.913347244262695,9.800000190734863
2022-12-28 00:00:00-05:00,112.70999908447266,9.800000190734863,17.739999771118164,6.380000114440918,9.261301040649414,31.85409164428711,23.864343643188477,9.390000343322754
2022-12-29 00:00:00-05:00,121.81999969482422,9.989999771118164,18.729999542236328,6.699999809265137,9.7603120803833,32.97040557861328,24.30536651611328,9.880000114440918
2022-12-30 00:00:00-05:00,123.18000030517578,9.75,18.43000030517578,6.829999923706055,9.836432456970215,32.94103240966797,24.079954147338867,9.9399995803833
2023-01-03 00:00:00-05:00,108.0999984741211,9.630000114440918,17.34000015258789,6.170000076293945,9.878721237182617,33.11729049682617,25.06981086730957,10.180000305175781
2023-01-04 00:00:00-05:00,113.63999938964844,10.630000114440918,17.709999084472656,6.480000019073486,10.157828330993652,33.96921157836914,26.324281692504883,11.5600004196167
2023-01-05 00:00:00-05:00,110.33999633789062,10.859999656677246,16.559999465942383,6.25,10.36081600189209,34.272769927978516,26.17727279663086,11.899999618530273
2023-01-06 00:00:00-05:00,113.05999755859375,10.369999885559082,16.399999618530273,6.360000133514404,10.639923095703125,35.16386413574219,25.775449752807617,10.109999656677246
2023-01-09 00:00:00-05:00,119.7699966430664,10.760000228881836,16.6200008392334,6.78000020980835,10.73296070098877,35.17366027832031,25.550037384033203,9.90999984741211
2023-01-10 00:00:00-05:00,118.8499984741211,11.239999771118164,16.450000762939453,7.190000057220459,10.859827995300293,36.33893585205078,26.17727279663086,10.09000015258789
2023-01-11 00:00:00-05:00,123.22000122070312,11.510000228881836,17.079999923706055,7.929999828338623,11.181225776672363,37.034175872802734,27.510149002075195,10.010000228881836
2023-01-12 00:00:00-05:00,123.55999755859375,11.8100004196167,17.579999923706055,8.3100004196167,11.358837127685547,37.5335807800293,29.10763931274414,10.109999656677246
2023-01-13 00:00:00-05:00,122.4000015258789,11.800000190734863,16.450000762939453,8.149999618530273,10.758333206176758,35.75139236450195,29.009634017944336,9.989999771118164
2023-01-17 00:00:00-05:00,131.49000549316406,11.40999984741211,16.93000030517578,8.050000190734863,10.716044425964355,35.84931564331055,27.86296844482422,9.359999656677246
2023-01-18 00:00:00-05:00,128.77999877929688,11.010000228881836,16.5,8.15999984741211,10.496140480041504,35.68284606933594,27.49054527282715,9.109999656677246
2023-01-19 00:00:00-05:00,127.16999816894531,10.770000457763672,15.789999961853027,7.449999809265137,10.30161190032959,34.98760223388672,28.500003814697266,8.949999809265137
2023-01-20 00:00:00-05:00,133.4199981689453,11.069999694824219,16.229999542236328,7.820000171661377,10.487682342529297,34.61549377441406,28.666614532470703,9.399999618530273
2023-01-23 00:00:00-05:00,143.75,12.0600004196167,18.100000381469727,8.819999694824219,10.825996398925781,35.68284606933594,29.16644287109375,10.100000381469727
2023-01-24 00:00:00-05:00,143.88999938964844,11.680000305175781,18.049999237060547,8.600000381469727,10.775249481201172,35.44784164428711,29.05863380432129,9.6899995803833
2023-01-25 00:00:00-05:00,144.42999267578125,11.630000114440918,18.690000534057617,8.869999885559082,10.817537307739258,35.565345764160156,29.068435668945312,9.770000457763672
2023-01-26 00:00:00-05:00,160.27000427246094,12.170000076293945,18.309999465942383,9.0,10.927490234375,35.72201156616211,30.41111183166504,10.239999771118164
2023-01-27 00:00:00-05:00,177.89999389648438,12.710000038146973,19.829999923706055,12.869999885559082,11.223512649536133,37.161476135253906,31.33236312866211,10.6899995803833
2023-01-30 00:00:00-05:00,166.66000366210938,12.020000457763672,18.040000915527344,11.75,10.902115821838379,35.53596496582031,31.400968551635742,10.020000457763672
2023-01-31 00:00:00-05:00,173.22000122070312,12.069999694824219,19.399999618530273,11.6899995803833,11.426501274108887,38.50300598144531,31.106950759887695,10.640000343322754
2023-02-01 00:00:00-05:00,181.41000366210938,12.100000381469727,19.709999084472656,11.845000267028809,11.663318634033203,38.48342514038086,32.83184814453125,11.130000114440918
2023-02-02 00:00:00-05:00,188.27000427246094,11.960000038146973,20.8799991607666,12.069999694824219,12.11158275604248,40.637718200683594,32.58683395385742,11.050000190734863
2023-02-03 00:00:00-05:00,189.97999572753906,11.1899995803833,19.899999618530273,11.619999885559082,11.189681053161621,40.2754020690918,31.773386001586914,10.5
2023-02-06 00:00:00-05:00,194.75999450683594,10.930000305175781,20.219999313354492,11.960000038146973,11.11356258392334,40.481040954589844,30.656126022338867,10.449999809265137
2023-02-07 00:00:00-05:00,196.80999755859375,10.920000076293945,19.90999984741211,11.569999694824219,11.375753402709961,40.539794921875,30.46991539001465,10.34000015258789
2023-02-08 00:00:00-05:00,201.2899932861328,10.649999618530273,20.079999923706055,11.529999732971191,11.350379943847656,40.70625686645508,29.754474639892578,9.84000015258789
2023-02-09 00:00:00-05:00,207.32000732421875,10.470000267028809,19.420000076293945,10.3100004196167,11.409584045410156,40.7650146484375,30.656126022338867,9.75
2023-02-10 00:00:00-05:00,196.88999938964844,10.3100004196167,18.850000381469727,10.029999732971191,11.445547103881836,40.4908332824707,29.754474639892578,9.289999961853027
2023-02-13 00:00:00-05:00,194.63999938964844,10.3100004196167,18.920000076293945,10.199999809265137,11.769225120544434,41.14691162109375,30.28370475769043,9.460000038146973
2023-02-14 00:00:00-05:00,209.25,10.3100004196167,19.489999771118164,10.329999923706055,11.661334037780762,41.54839324951172,29.950485229492188,9.4399995803833
2023-02-15 00:00:00-05:00,214.24000549316406,10.5,21.149999618530273,11.010000228881836,11.625368118286133,42.05758285522461,29.989688873291016,9.430000305175781
2023-02-16 00:00:00-05:00,202.0399932861328,10.1899995803833,20.68000030517578,10.630000114440918,11.607386589050293,42.2044677734375,29.50946044921875,9.699999809265137
2023-02-17 00:00:00-05:00,208.30999755859375,10.1899995803833,20.219999313354492,10.930000305175781,11.589404106140137,42.27301025390625,28.71561622619629,9.529999732971191
2023-02-21 00:00:00-05:00,197.3699951171875,10.029999732971191,19.079999923706055,9.899999618530273,10.969024658203125,40.2754020690918,28.225587844848633,9.220000267028809
2023-02-22 00:00:00-05:00,200.86000061035156,10.180000305175781,19.020000457763672,9.979999542236328,10.978014945983887,40.040382385253906,27.960975646972656,9.210000038146973
2023-02-23 00:00:00-05:00,202.07000732421875,9.789999961853027,18.18000030517578,8.789999961853027,10.852142333984375,38.4344596862793,27.6767578125,9.050000190734863
2023-02-24 00:00:00-05:00,196.8800048828125,9.300000190734863,17.31999969482422,8.510000228881836,10.681312561035156,38.36592102050781,27.225933074951172,8.399999618530273
2023-02-27 00:00:00-05:00,207.6300048828125,9.329999923706055,18.450000762939453,8.760000228881836,10.843151092529297,38.49321746826172,26.755504608154297,8.600000381469727
2023-02-28 00:00:00-05:00,205.7100067138672,9.390000343322754,19.299999237060547,9.130000114440918,10.852142333984375,37.935062408447266,26.392885208129883,8.920000076293945
2023-03-01 00:00:00-05:00,202.77000427246094,8.829999923706055,15.760000228881836,8.619999885559082,11.076916694641113,37.91547393798828,27.745359420776367,8.859999656677246
2023-03-02 00:00:00-05:00,190.89999389648438,9.09000015258789,15.720000267028809,8.529999732971191,11.283709526062012,38.798831939697266,28.215789794921875,9.329999923706055
2023-03-03 00:00:00-05:00,197.7899932861328,9.569999694824219,16.920000076293945,8.9399995803833,11.760232925415039,40.2514533996582,28.421598434448242,9.619999885559082
2023-03-06 00:00:00-05:00,193.80999755859375,9.3100004196167,17.1299991607666,8.819999694824219,11.670323371887207,39.70181655883789,28.166784286499023,9.369999885559082
2023-03-07 00:00:00-05:00,187.7100067138672,8.970000267028809,14.640000343322754,8.3100004196167,11.535457611083984,39.00494384765625,27.314138412475586,8.630000114440918
2023-03-08 00:00:00-05:00,182.0,9.180000305175781,15.130000114440918,8.34000015258789,11.670323371887207,39.024574279785156,27.196531295776367,8.4399995803833
2023-03-09 00:00:00-05:00,172.9199981689453,8.789999961853027,14.529999732971191,8.0,11.193799018859863,37.120452880859375,26.755504608154297,8.289999961853027
2023-03-10 00:00:00-05:00,173.44000244140625,8.510000228881836,14.15999984741211,7.869999885559082,10.879115104675293,35.84450149536133,25.187419891357422,8.180000305175781
2023-03-13 00:00:00-04:00,174.47999572753906,8.550000190734863,13.729999542236328,7.840000152587891,10.816177368164062,35.09856033325195,24.54058265686035,8.270000457763672
2023-03-14 00:00:00-04:00,183.25999450683594,8.420000076293945,13.210000038146973,7.539999961853027,10.726268768310547,34.94152069091797,24.844398498535156,7.920000076293945
2023-03-15 00:00:00-04:00,180.4499969482422,8.25,13.029999732971191,7.400000095367432,10.528465270996094,33.69501495361328,24.638586044311523,8.100000381469727
2023-03-16 00:00:00-04:00,184.1300048828125,8.5,13.460000038146973,7.829999923706055,10.627366065979004,33.96983337402344,25.26582145690918,8.329999923706055
2023-03-17 00:00:00-04:00,180.1300048828125,8.260000228881836,13.010000228881836,7.690000057220459,10.159834861755371,32.76258087158203,25.187419891357422,8.84000015258789
2023-03-20 00:00:00-04:00,183.25,8.75,13.020000457763672,7.699999809265137,10.051942825317383,32.998146057128906,25.167816162109375,9.149999618530273
2023-03-21 00:00:00-04:00,197.5800018310547,9.270000457763672,13.609999656677246,8.1899995803833,10.537456512451172,34.450767517089844,25.32462501525879,9.90999984741211
2023-03-22 00:00:00-04:00,191.14999389648438,9.09000015258789,13.289999961853027,7.929999828338623,10.321672439575195,33.420188903808594,25.579439163208008,9.699999809265137
2023-03-23 00:00:00-04:00,192.22000122070312,9.270000457763672,13.710000038146973,8.1899995803833,10.267727851867676,33.115928649902344,26.089069366455078,9.90999984741211
2023-03-24 00:00:00-04:00,190.41000366210938,9.069999694824219,13.619999885559082,8.1899995803833,10.348645210266113,33.08648681640625,26.2360782623291,9.619999885559082
2023-03-27 00:00:00-04:00,191.80999755859375,8.930000305175781,13.3100004196167,8.140000343322754,10.357637405395508,33.81279373168945,25.97146224975586,9.710000038146973
2023-03-28 00:00:00-04:00,189.19000244140625,9.199999809265137,12.960000038146973,7.550000190734863,10.429564476013184,33.58705139160156,26.980918884277344,10.25
2023-03-29 00:00:00-04:00,193.8800048828125,9.829999923706055,14.239999771118164,7.699999809265137,10.834159851074219,35.039676666259766,27.598352432250977,11.1899995803833
2023-03-30 00:00:00-04:00,195.27999877929688,10.460000038146973,14.399999618530273,7.619999885559082,11.049944877624512,35.324310302734375,28.666614532470703,11.390000343322754
2023-03-31 00:00:00-04:00,207.4600067138672,10.510000228881836,15.479999542236328,8.039999961853027,11.328666687011719,36.00154495239258,28.813621520996094,11.109999656677246
2023-04-03 00:00:00-04:00,194.77000427246094,9.800000190734863,15.229999542236328,7.900000095367432,11.400593757629395,35.59912872314453,28.882225036621094,11.0
2023-04-04 00:00:00-04:00,192.5800018310547,9.210000038146973,15.380000114440918,7.900000095367432,11.43655776977539,35.07893753051758,28.647010803222656,10.199999809265137
2023-04-05 00:00:00-04:00,185.52000427246094,8.960000038146973,14.630000114440918,7.699999809265137,11.175817489624023,34.440956115722656,28.029579162597656,10.039999961853027
2023-04-06 00:00:00-04:00,185.05999755859375,9.010000228881836,14.470000267028809,7.699999809265137,11.085906982421875,33.95020294189453,28.578407287597656,10.260000228881836
2023-04-10 00:00:00-04:00,184.50999450683594,9.050000190734863,14.8100004196167,8.029999732971191,11.43655776977539,35.06911849975586,28.421598434448242,10.279999732971191
2023-04-11 00:00:00-04:00,186.7899932861328,9.520000457763672,14.739999771118164,8.460000038146973,11.57142162322998,34.75503158569336,28.323593139648438,10.489999771118164
2023-04-12 00:00:00-04:00,180.5399932861328,9.010000228881836,14.1899995803833,8.130000114440918,11.391602516174316,33.97964859008789,27.225933074951172,9.90999984741211
2023-04-13 00:00:00-04:00,185.89999389648438,9.100000381469727,14.369999885559082,8.25,11.202792167663574,33.89130783081055,27.804166793823242,9.979999542236328
2023-04-14 00:00:00-04:00,185.0,9.270000457763672,13.380000114440918,7.730000019073486,11.256738662719727,33.852054595947266,27.980573654174805,9.920000076293945
2023-04-17 00:00:00-04:00,187.0399932861328,9.829999923706055,13.729999542236328,7.949999809265137,11.400593757629395,34.49003219604492,28.813621520996094,11.430000305175781
2023-04-18 00:00:00-04:00,184.30999755859375,9.470000267028809,13.430000305175781,7.829999923706055,11.445547103881836,34.676513671875,28.862625122070312,11.279999732971191
2023-04-19 00:00:00-04:00,180.58999633789062,8.789999961853027,12.819999694824219,7.619999885559082,10.987007141113281,33.94038772583008,29.17624282836914,9.869999885559082
2023-04-20 00:00:00-04:00,162.99000549316406,8.279999732971191,12.350000381469727,7.070000171661377,10.672321319580078,32.91962814331055,28.176586151123047,9.329999923706055
2023-04-21 00:00:00-04:00,165.0800018310547,8.329999923706055,12.25,7.03000020980835,10.618376731872559,32.92943572998047,27.87276840209961,9.25
2023-04-24 00:00:00-04:00,162.5500030517578,8.289999961853027,12.359999656677246,7.0,10.933060646057129,33.655757904052734,28.578407287597656,9.289999961853027
2023-04-25 00:00:00-04:00,160.6699981689453,7.900000095367432,12.0,6.739999771118164,10.714582443237305,32.30126953125,27.451345443725586,8.84000015258789
2023-04-26 00:00:00-04:00,153.75,7.679999828338623,12.039999961853027,7.21999979019165,10.505206108093262,31.624038696289062,28.784221649169922,9.180000305175781
2023-04-27 00:00:00-04:00,160.19000244140625,7.96999979019165,12.670000076293945,8.170000076293945,10.568928718566895,32.11479187011719,30.322908401489258,9.729999542236328
2023-04-28 00:00:00-04:00,164.30999755859375,7.869999885559082,12.819999694824219,7.940000057220459,10.814718246459961,32.42887496948242,29.68587303161621,9.5
2023-05-01 00:00:00-04:00,161.8300018310547,7.809999942779541,12.649999618530273,7.320000171661377,10.978577613830566,32.86073303222656,29.617267608642578,9.899999618530273
2023-05-02 00:00:00-04:00,160.30999755859375,7.449999809265137,12.680000305175781,7.269999980926514,10.741891860961914,32.46813201904297,28.558807373046875,9.75
2023-05-03 00:00:00-04:00,160.61000061035156,7.639999866485596,12.8100004196167,7.409999847412109,10.7327880859375,31.879230499267578,28.9116268157959,9.670000076293945
2023-05-04 00:00:00-04:00,161.1999969482422,8.0600004196167,12.949999809265137,7.380000114440918,10.52341365814209,31.103843688964844,29.49966049194336,10.149999618530273
2023-05-05 00:00:00-04:00,170.05999755859375,8.149999618530273,13.40999984741211,7.730000019073486,10.914855003356934,32.644798278808594,29.646669387817383,10.399999618530273
2023-05-08 00:00:00-04:00,171.7899932861328,8.270000457763672,13.869999885559082,7.710000038146973,10.942164421081543,33.03740692138672,29.793676376342773,10.550000190734863
2023-05-09 00:00:00-04:00,169.14999389648438,8.15999984741211,13.859999656677246,7.28000020980835,10.796510696411133,32.6644401550293,29.725072860717773,10.09000015258789
2023-05-10 00:00:00-04:00,168.5399932861328,8.130000114440918,14.109999656677246,7.159999847412109,10.823821067810059,32.46813201904297,30.597320556640625,10.300000190734863
2023-05-11 00:00:00-04:00,172.0800018310547,8.449999809265137,13.84000015258789,7.059999942779541,10.805614471435547,32.50738525390625,30.891340255737305,10.75
2023-05-12 00:00:00-04:00,167.97999572753906,7.949999809265137,12.90999984741211,7.039999961853027,10.62354850769043,31.80071258544922,30.068092346191406,9.819999694824219
2023-05-15 00:00:00-04:00,166.35000610351562,8.25,13.4399995803833,7.170000076293945,10.596240043640137,31.771263122558594,30.999143600463867,9.800000190734863
2023-05-16 00:00:00-04:00,166.52000427246094,7.909999847412109,13.079999923706055,6.980000019073486,10.241209983825684,30.95661735534668,30.43071174621582,9.510000228881836
2023-05-17 00:00:00-04:00,173.86000061035156,8.029999732971191,13.40999984741211,7.230000019073486,10.468793869018555,31.839969635009766,30.244503021240234,9.579999923706055
2023-05-18 00:00:00-04:00,176.88999938964844,7.820000171661377,13.539999961853027,7.289999961853027,10.596240043640137,32.29146194458008,29.989688873291016,9.130000114440918
2023-05-19 00:00:00-04:00,180.13999938964844,8.069999694824219,13.470000267028809,7.179999828338623,10.605341911315918,32.055904388427734,30.55811882019043,9.020000457763672
2023-05-22 00:00:00-04:00,188.8699951171875,8.789999961853027,14.229999542236328,7.650000095367432,10.587136268615723,32.252201080322266,31.655780792236328,9.40999984741211
2023-05-23 00:00:00-04:00,185.77000427246094,8.75,14.199999809265137,7.550000190734863,10.678167343139648,32.801841735839844,30.969741821289062,9.109999656677246
2023-05-24 00:00:00-04:00,182.89999389648438,7.920000076293945,14.380000114440918,7.489999771118164,10.314037322998047,31.682926177978516,30.636524200439453,8.649999618530273
2023-05-25 00:00:00-04:00,184.47000122070312,7.539999961853027,14.569999694824219,7.610000133514404,10.359553337097168,31.81052589416504,28.99003028869629,8.010000228881836
2023-05-26 00:00:00-04:00,193.1699981689453,7.699999809265137,15.140000343322754,7.869999885559082,11.005887985229492,32.67424774169922,29.23504638671875,8.199999809265137
2023-05-30 00:00:00-04:00,201.16000366210938,7.409999847412109,14.869999885559082,7.710000038146973,11.461051940917969,32.74295425415039,29.156641006469727,7.869999885559082
2023-05-31 00:00:00-04:00,203.92999267578125,7.53000020980835,14.729999542236328,7.760000228881836,10.923957824707031,31.81052589416504,29.597665786743164,7.880000114440918
2023-06-01 00:00:00-04:00,207.52000427246094,7.539999961853027,14.579999923706055,6.5,11.024093627929688,32.499488830566406,30.185697555541992,8.020000457763672
2023-06-02 00:00:00-04:00,213.97000122070312,7.559999942779541,14.479999542236328,6.599999904632568,11.278985977172852,33.739627838134766,30.871736526489258,8.4399995803833
2023-06-05 00:00:00-04:00,217.61000061035156,7.670000076293945,14.34000015258789,6.590000152587891,11.461051940917969,33.59198760986328,31.175554275512695,8.449999809265137
2023-06-06 00:00:00-04:00,221.30999755859375,7.880000114440918,14.5,6.900000095367432,11.770564079284668,34.68449401855469,32.09680938720703,8.649999618530273
2023-06-07 00:00:00-04:00,224.57000732421875,7.760000228881836,13.819999694824219,6.400000095367432,12.371382713317871,35.6490478515625,31.342164993286133,8.380000114440918
2023-06-08 00:00:00-04:00,234.86000061035156,7.789999961853027,14.050000190734863,6.28000020980835,12.362278938293457,35.28488540649414,31.410768508911133,8.460000038146973
2023-06-09 00:00:00-04:00,244.39999389648438,7.730000019073486,13.869999885559082,6.210000038146973,12.507930755615234,35.65888595581055,31.557777404785156,8.869999885559082
2023-06-12 00:00:00-04:00,249.8300018310547,8.399999618530273,14.0,6.269999980926514,12.544342994689941,36.09195327758789,32.19480895996094,9.859999656677246
2023-06-13 00:00:00-04:00,258.7099914550781,8.890000343322754,15.25,6.550000190734863,12.862960815429688,37.05651092529297,32.560203552246094,10.289999961853027
2023-06-14 00:00:00-04:00,256.7900085449219,9.050000190734863,14.739999771118164,6.400000095367432,12.92668342590332,36.771080017089844,33.07234191894531,10.800000190734863
2023-06-15 00:00:00-04:00,255.89999389648438,9.789999961853027,15.239999771118164,6.590000152587891,13.154265403747559,37.43051528930664,34.44132995605469,11.59000015258789
2023-06-16 00:00:00-04:00,260.5400085449219,9.399999618530273,14.880000114440918,6.480000019073486,13.126955032348633,37.36161804199219,33.79130554199219,11.380000114440918
2023-06-20 00:00:00-04:00,274.45001220703125,9.350000381469727,15.699999809265137,6.320000171661377,12.944890022277832,36.73170471191406,32.94430923461914,10.880000114440918
2023-06-21 00:00:00-04:00,259.4599914550781,9.069999694824219,14.619999885559082,6.050000190734863,12.762825012207031,36.426597595214844,32.85566711425781,10.630000114440918
2023-06-22 00:00:00-04:00,264.6099853515625,8.920000076293945,14.149999618530273,5.730000019073486,12.917580604553223,36.082115173339844,32.8753662109375,10.5600004196167
2023-06-23 00:00:00-04:00,256.6000061035156,8.430000305175781,13.529999732971191,5.46999979019165,12.762825012207031,35.609676361083984,32.05791091918945,9.899999618530273
2023-06-26 00:00:00-04:00,241.0500030517578,8.399999618530273,13.449999809265137,5.550000190734863,12.84475326538086,36.12147903442383,31.762447357177734,10.15999984741211
2023-06-27 00:00:00-04:00,250.2100067138672,9.34000015258789,13.9399995803833,6.099999904632568,13.117853164672852,36.889190673828125,31.92987632751465,10.979999542236328
2023-06-28 00:00:00-04:00,256.239990234375,9.520000457763672,14.640000343322754,6.420000076293945,13.463777542114258,37.58799362182617,31.673809051513672,11.779999732971191
2023-06-29 00:00:00-04:00,257.5,9.390000343322754,16.010000228881836,6.880000114440918,13.609430313110352,37.59783935546875,30.895751953125,11.829999923706055
2023-06-30 00:00:00-04:00,261.7699890136719,9.6899995803833,16.65999984741211,6.889999866485596,13.773290634155273,37.95216369628906,31.51622772216797,13.420000076293945
2023-07-03 00:00:00-04:00,279.82000732421875,10.029999732971191,19.559999465942383,7.389999866485596,13.87342643737793,38.345855712890625,32.5995979309082,13.979999542236328
2023-07-05 00:00:00-04:00,282.4800109863281,10.220000267028809,20.43000030517578,7.409999847412109,13.973563194274902,38.79860305786133,33.092037200927734,14.800000190734863
2023-07-06 00:00:00-04:00,276.5400085449219,9.5600004196167,21.6200008392334,7.079999923706055,13.636740684509277,38.83796691894531,32.865516662597656,14.140000343322754
2023-07-07 00:00:00-04:00,274.42999267578125,9.989999771118164,24.700000762939453,7.449999809265137,13.636740684509277,38.9856071472168,32.796573638916016,14.15999984741211
2023-07-10 00:00:00-04:00,269.6099853515625,10.779999732971191,25.510000228881836,7.929999828338623,13.718670845031738,39.015140533447266,32.796573638916016,14.149999618530273
2023-07-11 00:00:00-04:00,269.7900085449219,10.8100004196167,24.850000381469727,8.119999885559082,13.864323616027832,39.339935302734375,33.32841110229492,14.970000267028809
2023-07-12 00:00:00-04:00,271.989990234375,11.15999984741211,25.90999984741211,7.159999847412109,13.855219841003418,39.77300262451172,33.39735412597656,15.149999618530273
2023-07-13 00:00:00-04:00,277.8999938964844,10.760000228881836,25.520000457763672,7.119999885559082,13.827909469604492,39.86157989501953,33.485992431640625,14.039999961853027
2023-07-14 00:00:00-04:00,281.3800048828125,10.539999961853027,24.81999969482422,6.699999809265137,13.636740684509277,39.36946487426758,34.00797653198242,14.020000457763672
2023-07-17 00:00:00-04:00,290.3800048828125,10.5600004196167,23.989999771118164,7.03000020980835,12.826546669006348,38.139163970947266,33.64357376098633,14.069999694824219
2023-07-18 00:00:00-04:00,293.3399963378906,10.420000076293945,24.690000534057617,7.039999961853027,12.899374008178711,38.51318359375,33.121585845947266,14.329999923706055
2023-07-19 00:00:00-04:00,291.260009765625,10.640000343322754,24.829999923706055,7.25,12.835650444030762,38.611602783203125,33.702667236328125,14.979999542236328
2023-07-20 00:00:00-04:00,262.8999938964844,10.319999694824219,25.809999465942383,6.920000076293945,12.771927833557129,38.64112854003906,33.525386810302734,15.039999961853027
2023-07-21 00:00:00-04:00,260.0199890136719,10.579999923706055,25.270000457763672,6.869999885559082,12.680893898010254,37.94232177734375,33.40719985961914,14.5600004196167
2023-07-24 00:00:00-04:00,269.05999755859375,11.729999542236328,25.809999465942383,7.170000076293945,12.846536636352539,38.68049621582031,33.653419494628906,16.010000228881836
2023-07-25 00:00:00-04:00,265.2799987792969,11.90999984741211,25.350000381469727,6.840000152587891,12.496845245361328,37.32224655151367,33.3382568359375,15.359999656677246
2023-07-26 00:00:00-04:00,264.3500061035156,13.170000076293945,27.149999618530273,7.170000076293945,12.579668045043945,37.68641662597656,34.07691955566406,19.459999084472656
2023-07-27 00:00:00-04:00,255.7100067138672,13.239999771118164,26.049999237060547,6.889999866485596,12.634881973266602,38.35569381713867,33.13143539428711,20.219999313354492
2023-07-28 00:00:00-04:00,266.44000244140625,14.739999771118164,26.940000534057617,7.46999979019165,12.202369689941406,37.450199127197266,34.815582275390625,23.389999389648438
2023-07-31 00:00:00-04:00,267.42999267578125,15.300000190734863,27.639999389648438,7.610000133514404,12.156357765197754,37.76515579223633,35.15044021606445,20.920000076293945
2023-08-01 00:00:00-04:00,261.07000732421875,14.630000114440918,27.299999237060547,7.269999980926514,12.349607467651367,37.519100189208984,34.64815139770508,20.049999237060547
2023-08-02 00:00:00-04:00,254.11000061035156,14.569999694824219,25.90999984741211,6.889999866485596,11.999917984008789,36.80060577392578,33.90949249267578,18.829999923706055
2023-08-03 00:00:00-04:00,259.32000732421875,15.460000038146973,26.5,6.889999866485596,12.055131912231445,36.338016510009766,34.559513092041016,19.540000915527344
2023-08-04 00:00:00-04:00,253.86000061035156,14.720000267028809,25.260000228881836,6.619999885559082,11.861882209777832,35.9935302734375,33.68296813964844,18.31999969482422
2023-08-07 00:00:00-04:00,251.4499969482422,14.819999694824219,24.280000686645508,6.409999847412109,11.907893180847168,36.50533676147461,33.86024856567383,18.700000762939453
2023-08-08 00:00:00-04:00,249.6999969482422,14.069999694824219,24.799999237060547,7.190000057220459,11.852678298950195,36.25927734375,32.42231750488281,17.729999542236328
2023-08-09 00:00:00-04:00,242.19000244140625,13.460000038146973,22.350000381469727,7.079999923706055,11.714642524719238,35.68841552734375,32.27458572387695,16.940000534057617
2023-08-10 00:00:00-04:00,245.33999633789062,13.25,21.90999984741211,6.78000020980835,11.190106391906738,33.62152099609375,32.55035400390625,16.780000686645508
2023-08-11 00:00:00-04:00,242.64999389648438,12.899999618530273,21.56999969482422,6.639999866485596,11.171703338623047,33.35577392578125,31.585168838500977,16.280000686645508
2023-08-14 00:00:00-04:00,239.75999450683594,12.520000457763672,21.559999465942383,6.769999980926514,11.226916313171387,33.53293991088867,29.871475219726562,16.239999771118164
2023-08-15 00:00:00-04:00,232.9600067138672,11.829999923706055,20.780000686645508,6.409999847412109,11.024462699890137,32.77507781982422,29.05402183532715,16.110000610351562
2023-08-16 00:00:00-04:00,225.60000610351562,11.399999618530273,21.040000915527344,6.340000152587891,10.868022918701172,32.302642822265625,28.31536102294922,15.579999923706055
2023-08-17 00:00:00-04:00,219.22000122070312,11.5,20.950000762939453,6.230000019073486,10.88642692565918,32.401065826416016,28.955533981323242,15.649999618530273
2023-08-18 00:00:00-04:00,215.49000549316406,10.670000076293945,20.780000686645508,6.179999828338623,11.006058692932129,32.5979118347168,27.635791778564453,14.979999542236328
2023-08-21 00:00:00-04:00,231.27999877929688,10.949999809265137,21.18000030517578,6.260000228881836,11.015260696411133,32.745548248291016,27.783523559570312,16.43000030517578
2023-08-22 00:00:00-04:00,233.19000244140625,10.789999961853027,20.079999923706055,6.070000171661377,10.923236846923828,32.410911560058594,27.517606735229492,15.9399995803833
2023-08-23 00:00:00-04:00,236.86000061035156,10.84000015258789,20.31999969482422,6.070000171661377,11.006058692932129,33.030975341796875,27.872163772583008,16.059999465942383
2023-08-24 00:00:00-04:00,230.0399932861328,10.640000343322754,19.639999389648438,5.860000133514404,10.812808990478516,32.361698150634766,28.06913948059082,16.200000762939453
2023-08-25 00:00:00-04:00,238.58999633789062,10.829999923706055,20.06999969482422,6.019999980926514,10.96004581451416,32.43059539794922,28.384302139282227,17.530000686645508
2023-08-28 00:00:00-04:00,238.82000732421875,11.020000457763672,20.530000686645508,6.150000095367432,10.950843811035156,32.5979118347168,29.004779815673828,18.459999084472656
2023-08-29 00:00:00-04:00,257.17999267578125,10.890000343322754,22.309999465942383,6.329999923706055,11.08888053894043,32.93255615234375,30.413158416748047,19.139999389648438
2023-08-30 00:00:00-04:00,256.8999938964844,10.670000076293945,22.8799991607666,6.360000133514404,11.070475578308105,32.86366271972656,31.102577209472656,18.8799991607666
2023-08-31 00:00:00-04:00,258.0799865722656,10.270000457763672,22.729999542236328,6.28000020980835,11.16249942779541,33.07090377807617,31.00408935546875,17.790000915527344
2023-09-01 00:00:00-04:00,245.00999450683594,11.0,23.309999465942383,6.360000133514404,11.171703338623047,33.10051345825195,31.585168838500977,18.709999084472656
2023-09-05 00:00:00-04:00,256.489990234375,10.8100004196167,23.389999389648438,6.300000190734863,11.125690460205078,32.84392166137695,31.319250106811523,18.75
2023-09-06 00:00:00-04:00,251.9199981689453,10.579999923706055,23.260000228881836,6.139999866485596,11.107285499572754,32.38994598388672,31.51622772216797,18.950000762939453
2023-09-07 00:00:00-04:00,251.49000549316406,10.079999923706055,23.420000076293945,6.0,11.006058692932129,32.143226623535156,30.9252986907959,17.459999084472656
2023-09-08 00:00:00-04:00,248.5,10.039999961853027,23.100000381469727,5.840000152587891,11.318941116333008,32.518245697021484,30.7086238861084,17.350000381469727
2023-09-11 00:00:00-04:00,273.5799865722656,10.329999923706055,23.40999984741211,5.840000152587891,11.245321273803711,32.19256591796875,31.319250106811523,18.479999542236328
2023-09-12 00:00:00-04:00,267.4800109863281,10.569999694824219,23.579999923706055,5.909999847412109,11.456976890563965,33.03143310546875,32.304134368896484,18.649999618530273
2023-09-13 00:00:00-04:00,271.29998779296875,10.069999694824219,23.25,5.869999885559082,11.631821632385254,33.21894454956055,31.319250106811523,18.06999969482422
2023-09-14 00:00:00-04:00,276.0400085449219,10.380000114440918,24.110000610351562,6.010000228881836,11.61341667175293,33.21894454956055,30.97454261779785,18.350000381469727
2023-09-15 00:00:00-04:00,274.3900146484375,10.430000305175781,24.18000030517578,5.920000076293945,11.60421371459961,33.50514221191406,30.895751953125,18.299999237060547
2023-09-18 00:00:00-04:00,265.2799987792969,10.3100004196167,23.709999084472656,5.639999866485596,11.35575008392334,32.903133392333984,31.12227439880371,18.459999084472656
2023-09-19 00:00:00-04:00,266.5,8.550000190734863,22.739999771118164,5.5,11.558202743530273,33.5150146484375,30.9252986907959,17.489999771118164
2023-09-20 00:00:00-04:00,262.5899963378906,8.819999694824219,22.399999618530273,5.449999809265137,11.374153137207031,32.76496505737305,30.748018264770508,16.350000381469727
2023-09-21 00:00:00-04:00,255.6999969482422,8.449999809265137,21.530000686645508,5.170000076293945,11.226916313171387,32.28139114379883,29.94041633605957,15.890000343322754
2023-09-22 00:00:00-04:00,244.8800048828125,8.529999732971191,20.59000015258789,5.110000133514404,11.438570976257324,32.15309524536133,30.944995880126953,16.440000534057617
2023-09-25 00:00:00-04:00,246.99000549316406,8.350000381469727,21.1299991607666,5.130000114440918,11.576606750488281,32.62680435180664,31.12227439880371,16.690000534057617
2023-09-26 00:00:00-04:00,244.1199951171875,8.40999984741211,22.260000228881836,5.309999942779541,11.438570976257324,31.837282180786133,30.294973373413086,16.219999313354492
2023-09-27 00:00:00-04:00,240.5,8.460000038146973,23.049999237060547,5.460000038146973,11.401762008666992,31.926103591918945,29.989660263061523,16.690000534057617
2023-09-28 00:00:00-04:00,246.3800048828125,8.90999984741211,23.079999923706055,5.53000020980835,11.558202743530273,32.72549057006836,29.64495277404785,17.219999313354492
2023-09-29 00:00:00-04:00,250.22000122070312,9.039999961853027,24.280000686645508,5.590000152587891,11.42936897277832,32.53797912597656,30.42300796508789,18.360000610351562
2023-10-02 00:00:00-04:00,251.60000610351562,8.789999961853027,23.65999984741211,5.539999961853027,11.328143119812012,32.04453659057617,30.038904190063477,18.1299991607666
2023-10-03 00:00:00-04:00,246.52999877929688,8.609999656677246,21.690000534057617,5.380000114440918,11.107285499572754,30.96881675720215,30.038904190063477,17.440000534057617
2023-10-04 00:00:00-04:00,261.1600036621094,8.829999923706055,23.690000534057617,5.559999942779541,11.033666610717773,30.633272171020508,29.3199405670166,17.969999313354492
2023-10-05 00:00:00-04:00,260.04998779296875,8.65999984741211,18.270000457763672,5.159999847412109,10.950843811035156,29.912837982177734,29.398731231689453,17.950000762939453
2023-10-06 00:00:00-04:00,260.5299987792969,8.720000267028809,18.920000076293945,5.130000114440918,11.042869567871094,30.495107650756836,29.891172409057617,18.15999984741211
2023-10-09 00:00:00-04:00,259.6700134277344,8.34000015258789,18.780000686645508,5.03000020980835,11.107285499572754,30.58392906188965,29.556312561035156,16.290000915527344
2023-10-10 00:00:00-04:00,263.6199951171875,8.829999923706055,19.639999389648438,5.440000057220459,11.226916313171387,31.067506790161133,30.324522018432617,16.940000534057617
2023-10-11 00:00:00-04:00,262.989990234375,8.970000267028809,19.3700008392334,5.340000152587891,11.272928237915039,30.574058532714844,30.53134536743164,17.010000228881836
2023-10-12 00:00:00-04:00,258.8699951171875,8.4399995803833,19.329999923706055,5.070000171661377,11.042869567871094,29.922706604003906,30.82680892944336,16.299999237060547
2023-10-13 00:00:00-04:00,251.1199951171875,8.470000267028809,19.299999237060547,5.159999847412109,10.868022918701172,29.2713565826416,30.38361358642578,16.139999389648438
2023-10-16 00:00:00-04:00,253.9199981689453,8.520000457763672,19.65999984741211,5.28000020980835,10.978452682495117,29.666112899780273,30.541194915771484,15.350000381469727
2023-10-17 00:00:00-04:00,254.85000610351562,8.529999732971191,19.899999618530273,5.0,11.07967758178711,29.932575225830078,31.23061180114746,15.380000114440918
2023-10-18 00:00:00-04:00,242.67999267578125,7.909999847412109,18.09000015258789,4.53000020980835,10.812808990478516,29.093713760375977,31.801843643188477,13.800000190734863
2023-10-19 00:00:00-04:00,220.11000061035156,7.690000057220459,17.15999984741211,4.340000152587891,10.610355377197266,28.945680618286133,31.181367874145508,13.630000114440918
2023-10-20 00:00:00-04:00,211.99000549316406,7.579999923706055,16.719999313354492,4.28000020980835,10.711583137512207,29.2713565826416,30.53134536743164,13.420000076293945
2023-10-23 00:00:00-04:00,212.0800018310547,7.590000152587891,17.06999969482422,4.340000152587891,10.564343452453613,28.837120056152344,30.53134536743164,13.90999984741211
2023-10-24 00:00:00-04:00,216.52000427246094,8.09000015258789,17.43000030517578,4.239999771118164,10.481523513793945,28.185768127441406,30.96469497680664,15.34000015258789
2023-10-25 00:00:00-04:00,212.4199981689453,7.599999904632568,17.020000457763672,4.170000076293945,10.619559288024902,28.629873275756836,30.30482292175293,14.109999656677246
2023-10-26 00:00:00-04:00,205.75999450683594,7.630000114440918,16.170000076293945,4.070000171661377,10.444713592529297,28.175899505615234,30.53134536743164,14.579999923706055
2023-10-27 00:00:00-04:00,207.3000030517578,7.440000057220459,16.010000228881836,4.039999961853027,9.165580749511719,26.86332893371582,30.432857513427734,14.699999809265137
2023-10-30 00:00:00-04:00,197.36000061035156,7.519999980926514,15.720000267028809,4.070000171661377,8.99073600769043,27.001495361328125,30.9252986907959,14.90999984741211
2023-10-31 00:00:00-04:00,200.83999633789062,7.300000190734863,16.219999313354492,4.119999885559082,9.11223316192627,27.830486297607422,30.038904190063477,14.479999542236328
2023-11-01 00:00:00-04:00,205.66000366210938,7.449999809265137,16.1299991607666,4.050000190734863,9.26176643371582,27.633106231689453,29.68434715270996,15.5
2023-11-02 00:00:00-04:00,218.50999450683594,7.789999961853027,17.59000015258789,4.539999961853027,9.47672176361084,28.422622680664062,29.60555648803711,16.540000915527344
2023-11-03 00:00:00-04:00,219.9600067138672,8.229999542236328,17.709999084472656,4.619999885559082,9.86924934387207,29.379913330078125,30.580589294433594,17.139999389648438
2023-11-06 00:00:00-05:00,219.27000427246094,7.96999979019165,17.18000030517578,4.320000171661377,9.635601997375488,28.728561401367188,31.270008087158203,17.43000030517578
2023-11-07 00:00:00-05:00,222.17999267578125,7.889999866485596,17.420000076293945,4.300000190734863,9.504759788513184,28.037734985351562,31.12227439880371,17.1299991607666
2023-11-08 00:00:00-05:00,222.11000061035156,7.920000076293945,17.0,3.950000047683716,9.392609596252441,27.198871612548828,30.9252986907959,16.100000381469727
2023-11-09 00:00:00-05:00,209.97999572753906,7.46999979019165,15.329999923706055,3.755000114440918,9.065502166748047,26.30079460144043,30.619985580444336,15.890000343322754
2023-11-10 00:00:00-05:00,214.64999389648438,7.239999771118164,15.399999618530273,3.799999952316284,9.215035438537598,26.4981746673584,30.482101440429688,15.260000228881836
2023-11-13 00:00:00-05:00,223.7100067138672,7.21999979019165,16.190000534057617,3.9700000286102295,9.177653312683105,26.547521591186523,30.649532318115234,15.65999984741211
2023-11-14 00:00:00-05:00,237.41000366210938,7.579999923706055,16.899999618530273,4.170000076293945,9.71971321105957,27.830486297607422,31.476831436157227,17.0
2023-11-15 00:00:00-05:00,242.83999633789062,7.940000057220459,17.239999771118164,4.21999979019165,9.785136222839355,27.77127456665039,31.811691284179688,17.389999389648438
2023-11-16 00:00:00-05:00,233.58999633789062,7.400000095367432,16.389999389648438,4.28000020980835,9.495412826538086,27.119918823242188,31.279855728149414,16.229999542236328
2023-11-17 00:00:00-05:00,234.3000030517578,7.389999866485596,16.700000762939453,4.25,9.59821891784668,27.662715911865234,31.1124267578125,16.790000915527344
2023-11-20 00:00:00-05:00,235.60000610351562,7.800000190734863,16.93000030517578,4.340000152587891,9.663639068603516,28.14629364013672,31.289705276489258,18.229999542236328
2023-11-21 00:00:00-05:00,241.1999969482422,7.510000228881836,15.720000267028809,4.21999979019165,9.523451805114746,27.53441619873047,30.482101440429688,17.399999618530273
2023-11-22 00:00:00-05:00,234.2100067138672,7.46999979019165,15.979999542236328,4.199999809265137,9.588871955871582,27.731796264648438,30.314672470092773,17.420000076293945
2023-11-24 00:00:00-05:00,235.4499969482422,7.400000095367432,16.43000030517578,4.239999771118164,9.71971321105957,27.810749053955078,29.24114990234375,18.479999542236328
2023-11-27 00:00:00-05:00,236.0800018310547,7.190000057220459,16.65999984741211,4.190000057220459,9.663639068603516,28.126556396484375,28.433547973632812,17.709999084472656
2023-11-28 00:00:00-05:00,246.72000122070312,7.210000038146973,17.420000076293945,4.400000095367432,9.69167709350586,28.511445999145508,27.872163772583008,17.8799991607666
2023-11-29 00:00:00-05:00,244.13999938964844,7.179999828338623,17.31999969482422,4.360000133514404,9.897286415100098,31.185935974121094,26.985769271850586,17.15999984741211
2023-11-30 00:00:00-05:00,240.0800018310547,7.269999980926514,16.760000228881836,4.21999979019165,9.588871955871582,31.275009155273438,26.51302719116211,16.610000610351562
2023-12-01 00:00:00-05:00,238.8300018310547,7.150000095367432,18.030000686645508,4.329999923706055,9.887940406799316,32.02719497680664,26.109224319458008,15.739999771118164
2023-12-04 00:00:00-05:00,235.5800018310547,7.320000171661377,17.739999771118164,4.360000133514404,10.000089645385742,32.72989273071289,26.33574676513672,16.020000457763672
2023-12-05 00:00:00-05:00,238.72000122070312,7.429999828338623,17.40999984741211,4.190000057220459,9.906631469726562,32.343902587890625,26.37514305114746,16.190000534057617
2023-12-06 00:00:00-05:00,239.3699951171875,7.75,18.3799991607666,4.400000095367432,9.990744590759277,32.571533203125,27.035015106201172,16.700000762939453
2023-12-07 00:00:00-05:00,242.63999938964844,7.489999771118164,19.190000534057617,4.480000019073486,10.1122407913208,33.16536331176758,27.113805770874023,16.0
2023-12-08 00:00:00-05:00,243.83999633789062,7.380000114440918,19.040000915527344,4.730000019073486,10.289813041687012,33.40290069580078,26.542573928833008,15.149999618530273
2023-12-11 00:00:00-05:00,239.74000549316406,7.679999828338623,18.950000762939453,4.610000133514404,10.345887184143066,33.234649658203125,26.473630905151367,15.890000343322754
2023-12-12 00:00:00-05:00,237.00999450683594,7.269999980926514,18.209999084472656,4.21999979019165,10.430000305175781,33.07628631591797,26.0107364654541,15.529999732971191
2023-12-13 00:00:00-05:00,239.2899932861328,7.429999828338623,19.68000030517578,4.489999771118164,10.504768371582031,33.64042663574219,25.872854232788086,15.380000114440918
2023-12-14 00:00:00-05:00,251.0500030517578,7.860000133514404,22.43000030517578,5.139999866485596,11.28982162475586,35.87718200683594,26.463783264160156,15.649999618530273
2023-12-15 00:00:00-05:00,253.5,7.980000019073486,22.829999923706055,4.769999980926514,11.233747482299805,35.36253356933594,25.8531551361084,14.470000267028809
2023-12-18 00:00:00-05:00,252.0800018310547,8.350000381469727,23.799999237060547,4.730000019073486,11.14963436126709,35.07551956176758,25.409957885742188,14.319999694824219
2023-12-19 00:00:00-05:00,257.2200012207031,8.819999694824219,24.350000381469727,4.71999979019165,11.233747482299805,35.501094818115234,25.754667282104492,14.789999961853027
2023-12-20 00:00:00-05:00,247.13999938964844,7.920000076293945,23.18000030517578,4.260000228881836,11.02813720703125,35.10520553588867,24.927366256713867,13.979999542236328
2023-12-21 00:00:00-05:00,254.5,8.289999961853027,23.579999923706055,4.329999923706055,11.532814979553223,35.87718200683594,25.666027069091797,14.170000076293945
2023-12-22 00:00:00-05:00,252.5399932861328,8.420000076293945,23.209999084472656,4.260000228881836,11.542160987854004,35.64955520629883,26.059980392456055,13.8100004196167
2023-12-26 00:00:00-05:00,256.6099853515625,9.329999923706055,23.59000015258789,4.340000152587891,11.635619163513184,35.758426666259766,26.237258911132812,14.029999732971191
2023-12-27 00:00:00-05:00,261.44000244140625,9.100000381469727,23.729999542236328,4.320000171661377,11.579545021057129,35.70893478393555,26.22740936279297,13.649999618530273
2023-12-28 00:00:00-05:00,253.17999267578125,9.430000305175781,23.540000915527344,4.260000228881836,11.532814979553223,35.82770538330078,27.192596435546875,14.270000457763672
2023-12-29 00:00:00-05:00,248.47999572753906,9.069999694824219,23.459999084472656,4.210000038146973,11.39262580871582,35.55057907104492,27.261537551879883,14.59000015258789
